Geneid,baseMean,log2FoldChange,lfcSE,stat,pvalue,padj
Solyc06g011350.3,1182.404664436435,2.558831017406969,0.3461586032125434,7.392076908271529,1.4455286941835973e-13,1.0858811550707182e-09
Solyc07g006560.3,251.2589408245959,-7.882600233242531,1.1176498244085769,-7.052835388234183,1.7530820145969864e-12,9.876864070239422e-09
Solyc02g032100.4,135.59760831335194,-3.4439866784651576,0.49242488922510397,-6.993932991252186,2.6728525725286797e-12,1.2047081114901265e-08
Solyc05g024020.1,77.31174737811348,-3.1387165678070867,0.45775968762758773,-6.856690644984454,7.047401229823789e-12,2.6470039019218153e-08
Solyc02g088240.4,116.86251322144794,3.0674470193710115,0.4508245176296579,6.804082074992313,1.0169555213739852e-11,3.274015661383447e-08
Solyc04g009980.4,101.3717387925595,-4.058744084879402,0.5991803051595872,-6.773827594013435,1.2541912095404102e-11,3.5330566372753353e-08
Solyc11g011310.3,57.00235463678604,3.2314396220668766,0.4966825092896374,6.506046743398572,7.715422764128933e-11,1.6570992034183449e-07
Solyc08g062620.3,58.46616759432796,-4.295730429788518,0.6653191652321389,-6.456646154616152,1.0704879563457626e-10,2.0103763820173422e-07
Solyc07g052480.3,2597.54769544864,-2.813771375833761,0.4473025948680772,-6.2905321992679815,3.1637941430600004e-10,5.484558831384629e-07
Solyc10g085310.1,247.42073656741678,-2.504006685224462,0.41244537140453785,-6.071123253722886,1.2701865064237873e-09,1.746773022689241e-06
Solyc08g062960.4,612.6084240978732,2.7456654884498373,0.4526896652359366,6.065226797300151,1.3176757803388843e-09,1.746773022689241e-06
Solyc05g054930.3,149.94105473238147,-2.114861585815712,0.3505915454323323,-6.032266360581423,1.6167599834637702e-09,1.917647525649449e-06
Solyc05g024260.3,1700.0522975466536,2.5808791573204397,0.42728450818430025,6.040188932399186,1.5393387609616358e-09,1.917647525649449e-06
Solyc01g103920.3,591.9629616696965,5.415400383057059,0.9075901145581742,5.96679084114236,2.4196525137665456e-09,2.7264644525121435e-06
Solyc02g065230.3,42.82810675524371,-4.430679842490709,0.7524209983581606,-5.888564848879533,3.895636848583073e-09,3.990548728166733e-06
Solyc09g084450.3,392.2090309684525,-6.863136433785645,1.1704639232073295,-5.863603565822974,4.529281226068078e-09,4.3019897922323495e-06
Solyc08g062437.1,2092.943728843455,2.92464474091087,0.49894119382773866,5.861702294961467,4.581458777670233e-09,4.3019897922323495e-06
Solyc06g082210.1,39.57960396303126,-3.1784989904795435,0.5485505403035852,-5.79435941986396,6.858244280411061e-09,5.519906896547989e-06
Solyc03g005280.4,326.82635203247213,-2.121786098470436,0.3666675105312899,-5.786676041725196,7.1792843735367764e-09,5.579046642828441e-06
Solyc08g076080.3,54.29583548993105,-2.7301296854050774,0.4735804665142756,-5.764869707358971,8.172094940897152e-09,6.1388777196019405e-06
Solyc02g085145.1,108.0680139227928,-2.2091759108546456,0.3857149296531654,-5.727483540347103,1.0193132385455051e-08,6.960982770867122e-06
Solyc12g096780.2,492.3539802975047,-5.18956021505782,0.90997360791913,-5.7029788225671485,1.1773161414889086e-08,7.5805704470268695e-06
Solyc03g059205.1,40.1207170811748,4.121722744701897,0.7250149737692098,5.685017404914926,1.3079933804100295e-08,7.966740221870384e-06
Solyc08g081480.3,545.3579229448577,-2.1274337210610845,0.3773964876033125,-5.637131745903433,1.729058323859672e-08,9.741514596625391e-06
Solyc06g076550.4,57.7148637548828,5.354414352233081,0.954799557960569,5.607893622898185,2.048038357481869e-08,1.0989188672431285e-05
Solyc04g014790.1,38.521277829451286,-2.625502198713715,0.47369866726025295,-5.542557706355649,2.980851204375476e-08,1.4928102831512384e-05
Solyc01g057000.3,152.05705904770022,5.456491641788141,0.9871139180915462,5.5277223244279075,3.244149782405709e-08,1.5893512933977185e-05
Solyc12g005300.2,771.8290401092208,-2.374040995176168,0.4297814655457728,-5.52383289065621,3.3168295110755554e-08,1.5903844651403982e-05
Solyc02g079930.3,205.56939737714157,3.0220208937225195,0.5502396591236778,5.492190254943543,3.969793962943727e-08,1.825781158140813e-05
Solyc03g045110.3,34.36038884266352,2.852127479264383,0.5203316894645255,5.481364170226715,4.2205869642417325e-08,1.9023029565230337e-05
Solyc03g117250.4,1416.9211679523946,-3.0563787917975334,0.5587700270838838,-5.469833104234674,4.5045955640531523e-08,1.9905012868921928e-05
Solyc05g050090.4,291.23436456398434,-2.1782181428094556,0.3993521918824733,-5.4543788342358495,4.9144331084322325e-08,2.089654047766581e-05
Solyc02g087890.4,98.8777921034704,3.941829639064076,0.7255784193658296,5.43267210525544,5.5516365430152884e-08,2.301163287529432e-05
Solyc03g007230.4,880.461675704864,2.8736215106722938,0.5345836214616878,5.375438743923879,7.639642209276807e-08,3.020473277688809e-05
Solyc09g082760.3,2007.1404875997157,-2.979788040155383,0.5547247291672901,-5.371651710260711,7.801868940573958e-08,3.031429628358185e-05
Solyc12g088190.2,549.7421175310725,2.813849249761174,0.5254051667892765,5.355579708049808,8.528254004043011e-08,3.203212203918555e-05
Solyc07g006570.4,639.8314711683119,-4.711628274307395,0.8817841857370532,-5.343289605913159,9.127475826286573e-08,3.317690245503133e-05
Solyc10g081300.1,183.7740522094056,-3.4623925496948087,0.6477382554304288,-5.34535751233963,9.023876186054998e-08,3.317690245503133e-05
Solyc08g081610.4,273.35188723566034,-4.376006267158478,0.8219103721663026,-5.32418912736759,1.0140435987893551e-07,3.6273788162407785e-05
Solyc06g072350.3,4433.541373907286,-2.9810263058357758,0.5624549129679561,-5.300027143696777,1.1578546560932287e-07,3.994377924166679e-05
Solyc03g114100.1,362.57863582393867,-2.098141455328641,0.39601390737097136,-5.298150939338549,1.1698124911031276e-07,3.994377924166679e-05
Solyc09g098160.3,1004.2042898211272,-2.7955918939582305,0.5283049599792984,-5.2916253030593845,1.212340828786429e-07,4.07780789813895e-05
Solyc05g014000.4,688.2807002696435,-3.307257018853764,0.6287801502310364,-5.259798703312373,1.442131858597925e-07,4.710128052951136e-05
Solyc02g037555.1,111.61411401470403,-3.824689042792337,0.7292535566787035,-5.2446628580207655,1.5656835675990523e-07,4.969611954846795e-05
Solyc06g068040.3,293.5718230389466,-2.206912858870525,0.42123539806799143,-5.239143882476629,1.6132322787352033e-07,5.0494170324411863e-05
Solyc01g006090.3,68.35482163401727,-2.172709608734062,0.4150417802257667,-5.234917813701049,1.6505829209184312e-07,5.095552973399693e-05
Solyc01g107520.3,117.58316626044002,-4.3826747112607904,0.8384986616264345,-5.226811814773471,1.7245786602008562e-07,5.252041173822499e-05
Solyc04g078590.3,101.50401077354482,-4.100840254749634,0.7884312803748376,-5.201265293279592,1.9793632360537285e-07,5.8693328799614246e-05
Solyc09g089740.3,43.98476835732225,-3.1235154308818234,0.6021113362396588,-5.187604422778327,2.1301648490406234e-07,6.154537825381985e-05
Solyc01g090730.3,75.52314327168749,-2.5028954491783697,0.4836803061716959,-5.174689598153489,2.2829018623959558e-07,6.462928121184048e-05
Solyc10g084150.2,1190.2020337940871,-2.1358902715226784,0.4128311077043401,-5.1737629060946455,2.2942591839488988e-07,6.462928121184048e-05
Solyc08g083130.4,171.5130183014206,3.208796821305691,0.6229550902662434,5.150928006598823,2.592006810938559e-07,7.211538949544613e-05
Solyc03g123390.4,1095.6539884645679,-2.270140929245904,0.4410270231368064,-5.147396440924453,2.641267336415591e-07,7.258975694324604e-05
Solyc08g081620.4,703.0307974372639,-2.2146245694360642,0.4333488548193702,-5.110489031658272,3.213259675544292e-07,8.535438305723508e-05
Solyc02g090400.4,98.8145333971413,-2.8027393506986455,0.5511460351291236,-5.085293501280498,3.6705800031733497e-07,9.61862685482728e-05
Solyc06g009150.1,110.59043127602914,-3.0801616109833954,0.607250546508376,-5.072307680403067,3.9302025523796134e-07,0.00010064891445503064
Solyc01g111500.3,252.886680977547,-2.06626608007692,0.4086602309050519,-5.056195645709886,4.2770256721025056e-07,0.00010709657704489804
Solyc06g006110.3,1147.2029845360182,-2.584094477739803,0.5121064880318372,-5.046010035278351,4.511317224950366e-07,0.00011050765758856679
Solyc11g069770.2,39.36168792086668,-5.078772807900542,1.0076083867052443,-5.040423318138017,4.645032227829172e-07,0.00011243125509413978
Solyc05g053660.3,151.7367939931702,-2.0462272922063653,0.40644656188344985,-5.034431298235779,4.792695189284924e-07,0.00011274473312241708
Solyc01g081510.4,110.20238852533005,-2.7343169621299457,0.5431666561757279,-5.034029484397006,4.80275753450126e-07,0.00011274473312241708
Solyc04g076190.1,681.2662310705392,-7.142695809536201,1.4247286898731066,-5.013372623367587,5.348417801066559e-07,0.00012258267351384592
Solyc01g110340.4,252.0066306955396,-2.277292684903069,0.455535371747339,-4.9991566542195125,5.758160751716278e-07,0.00012976591070067804
Solyc03g005480.4,40.74870821284288,-3.434099242783166,0.6889512624444275,-4.9845314610482605,6.211213930175482e-07,0.0001372312913043477
Solyc03g031530.4,131.43193500597644,-2.5824193855659723,0.5237454686608143,-4.930676330563897,8.19454107762939e-07,0.00017421903559005278
Solyc02g072030.1,41.98205236822707,-3.7202655617859044,0.7586050069161085,-4.904087803097396,9.386249998692114e-07,0.00019769021492572475
Solyc03g013440.4,120.92085750158651,3.0462058633445452,0.6232515175990002,4.887602801321172,1.0207119986357824e-06,0.00020845850360035794
Solyc06g035580.3,209.04153733790068,-3.2507254428724988,0.6652542537873084,-4.886440671917603,1.026752480459697e-06,0.00020845850360035794
Solyc10g076410.1,59.94447123555421,-8.878495547434047,1.8200249470095051,-4.878227390246689,1.070434787996658e-06,0.0002153867712704704
Solyc02g037550.3,601.1081706469968,-3.392353977502486,0.696346975050048,-4.871643159300966,1.1067392589012835e-06,0.0002207210260053038
Solyc03g119770.4,35.81121665368709,-3.9016107093104964,0.804715540362539,-4.84843465002894,1.2443951069612313e-06,0.0002459972643024413
Solyc03g113210.3,441.52913451728597,-2.4295478611092927,0.5052518923296613,-4.808587356114419,1.5200060350675797e-06,0.00028545713338569146
Solyc05g014550.1,90.17156847808997,-2.0829278400040807,0.4334999269097448,-4.804909322251739,1.5482165618885722e-06,0.0002883521358571972
Solyc02g077430.4,403.92708475582856,-3.713225006212073,0.776490202009438,-4.782062924429457,1.735053448517389e-06,0.0003178956464698201
Solyc01g017600.3,1128.0165427895845,-2.939594289984681,0.6150532757590508,-4.779414086294985,1.75806776252271e-06,0.00031951463787267576
Solyc04g008900.4,48.00156142960275,-2.888954578541242,0.6058916656740588,-4.768104171440054,1.8596762411103075e-06,0.00033261637912430073
Solyc04g014510.3,4439.275748971721,-3.902785394030684,0.8239624020618161,-4.736606165845277,2.1732691551411653e-06,0.0003796650672888473
Solyc06g062430.3,123.66736679847567,3.4927751828182374,0.7415750049719383,4.709941893133799,2.477874249885936e-06,0.0004071313713325182
Solyc02g082260.3,1125.3083161813008,-2.34929954118056,0.4983025433512606,-4.7146047567421405,2.4218038389498225e-06,0.0004071313713325182
Solyc01g066680.3,295.5599164906068,-3.819201766220521,0.8110956722080145,-4.7086945437936505,2.4930834772758037e-06,0.0004071313713325182
Solyc11g071990.2,247.80669706305025,2.168213641249791,0.4598221479963996,4.71533102678379,2.4131809067723895e-06,0.0004071313713325182
Solyc01g091670.3,35.69619291487619,-8.039577065076278,1.7113254371921363,-4.697865695415154,2.628942014424221e-06,0.00042622904487096575
Solyc10g086640.3,101.04017888203283,-3.0339139869278986,0.6473446973994388,-4.68670555133295,2.7763796026122665e-06,0.00044691779088907164
Solyc12g057160.1,296.47688051846524,2.0947483136907152,0.44756765586534347,4.6802942219778,2.8646351103007727e-06,0.0004526686478046439
Solyc02g080200.4,311.1638207660445,-6.061561345561553,1.2952768921320728,-4.679741746634577,2.8723649554519025e-06,0.0004526686478046439
Solyc12g096770.1,1480.168365370136,-3.0427674355977263,0.651265053592911,-4.6720876835189165,2.9815361842920325e-06,0.00046339240999451894
Solyc01g095160.3,397.5257107409575,-5.255010917827274,1.1265002767874785,-4.664899801723409,3.0876745502594025e-06,0.0004766016004427801
Solyc04g007780.3,209.3790840272014,-3.0637342263266154,0.6583687242060936,-4.653523342897367,3.263106434206939e-06,0.000499077785030676
Solyc07g063690.1,375.0290278689198,-2.9748809973365122,0.6408230690788331,-4.642281373566698,3.4458316673815217e-06,0.0005177017497073999
Solyc07g048060.3,667.823870436304,2.1883936999713387,0.47238324412477656,4.6326658008921475,3.609870224522549e-06,0.0005352107590778959
Solyc10g079350.3,487.7706671427969,-5.7306618687701,1.239399597849525,-4.623740300314231,3.768816723425648e-06,0.0005551245338504601
Solyc12g098900.2,298.16442320458776,4.000537520863135,0.8658475293690919,4.620371815091008,3.830529493941746e-06,0.0005605507316589039
Solyc09g097960.3,2957.2238260001177,-6.281509472407997,1.3614844586036237,-4.613721025394948,3.955232308842947e-06,0.0005713789443082349
Solyc11g065600.2,78.49042038634506,-3.2224381848940533,0.6990425467341342,-4.609788345429049,4.030791228589559e-06,0.0005785854211942312
Solyc09g056430.4,438.4642965195744,-4.118193091104708,0.8945726008724185,-4.603531437346172,4.153864595843925e-06,0.000588751525358105
Solyc06g051060.4,91.61375477162208,-2.5161736907474506,0.5482344424512369,-4.589594333944558,4.441082598638409e-06,0.0006139894845341362
Solyc10g008720.4,88.1838046170365,-2.6090154178693665,0.5686203650359278,-4.588325670862172,4.468152088374083e-06,0.0006139894845341362
Solyc12g088390.1,168.73140780642953,-4.978128545384742,1.0874546264509852,-4.577780464856131,4.699354953557973e-06,0.00063797989899628
Solyc10g024490.2,18.596050140399495,4.409406923985903,0.9723454175386937,4.534815349001667,5.765390214100205e-06,0.0007688096678400132
Solyc06g067980.3,375.75756400075267,3.584699815680918,0.7908719682313315,4.532591822286444,5.826433528125897e-06,0.0007723794469990896
Solyc08g075880.4,140.7319832377987,-2.12970076180982,0.4736007694932691,-4.496827072490826,6.8975041610443386e-06,0.000888240878704544
Solyc07g042560.4,64.00814067312257,-4.939896602240006,1.099723399029819,-4.491944616799103,7.057577891424773e-06,0.0008985851715319134
Solyc05g051735.1,58.72836840929123,-3.4722630074871588,0.7770416249059112,-4.468567572435519,7.87451379606875e-06,0.000991396887755337
Solyc12g096820.1,125.79257343176599,-3.9028787731847814,0.8740676892662347,-4.465190535141716,7.999752651280756e-06,0.0010015690319403507
Solyc03g033820.1,5.475384660637874,4.99269662174519,1.1207030189334146,4.454968477283834,8.390552204092175e-06,0.0010332758714285315
Solyc10g075100.2,140.42857051813135,2.1539485396355045,0.4836633168584588,4.453404805694298,8.451918971734876e-06,0.0010351763366685716
Solyc02g032380.3,8.149986263823259,4.649936659624959,1.0458255800061353,4.4461875369291315,8.740764956175009e-06,0.0010647669137965406
Solyc10g052500.2,48.15386440947991,-3.6704958370185437,0.8279674722608203,-4.433140141358464,9.287045661212327e-06,0.0011132598990483032
Solyc12g089240.2,150.69871370281504,-8.47229388293575,1.9134067040548424,-4.427858366431706,9.517336088982381e-06,0.0011199157393134492
Solyc02g084680.3,28.097725643146617,-4.174930475591252,0.9432326732350099,-4.42619365725794,9.591042673389054e-06,0.0011199157393134492
Solyc01g109800.2,87.14620235132506,-2.528328491478359,0.5746949954022234,-4.39942667276719,1.0853724314528602e-05,0.001230385307599843
Solyc01g095960.4,81.37094230698827,-5.670354280479311,1.2909091010275604,-4.392527929321842,1.1204023152579258e-05,0.0012624693288326308
Solyc06g050800.4,249.97018872000316,3.0014170622880245,0.6858867697546402,4.375965822116251,1.2089595811681582e-05,0.0013487679762973074
Solyc10g083860.3,185.80966989274884,-2.918177968743594,0.6676704423090573,-4.370686170637462,1.238567004466896e-05,0.0013749924144170428
Solyc01g080790.3,35.12424012019246,-5.545426942940189,1.2694756665915266,-4.368281400642645,1.2522807473202402e-05,0.0013766536059321433
Solyc09g072690.1,281.76350014842035,-2.2249122865863007,0.5093023378795397,-4.368549133015246,1.2507468054814449e-05,0.0013766536059321433
Solyc07g066190.3,47.036314550320704,-2.254004745811755,0.5171490054695691,-4.358520894311936,1.3094442258809158e-05,0.0014069848647011796
Solyc01g109680.3,112.99033374706696,-2.4237173968128305,0.5566225965584993,-4.354328070398603,1.3347568846700194e-05,0.0014144589062362299
Solyc10g086310.1,47.399736408232116,-4.095709122780886,0.9456435844886508,-4.331134044541324,1.4834333554945228e-05,0.0015265138858184734
Solyc03g094010.3,19.880675091807923,-3.912083161797441,0.9054090591458032,-4.320790831812801,1.5547099562499577e-05,0.0015711633889708093
Solyc04g009900.4,830.4265754980336,-3.7174997972549826,0.863804176073483,-4.303637213417151,1.6801670816277184e-05,0.0016754090863523126
Solyc08g083240.3,142.5786767588325,-2.7730433394918985,0.6445574511032288,-4.302243864756414,1.6907707164071508e-05,0.0016785554566057953
Solyc05g055650.3,58.14279155415512,-3.265760399928921,0.7596791965244076,-4.298867752164378,1.7167286481315e-05,0.0016968507374689247
Solyc09g083100.1,81.47402898446087,-9.237295002947311,2.1565917631097458,-4.283284004399325,1.841548657188212e-05,0.0017888422645859286
Solyc06g062370.4,2207.91116299998,-5.482695162993869,1.283498982057681,-4.271678621983881,1.94007037181186e-05,0.0018380748511251663
Solyc01g111970.4,55.80133478052245,-3.605247914094883,0.8470078891499924,-4.256451398242464,2.0769716079716702e-05,0.0019502763398853984
Solyc12g057060.2,915.8493834163608,-5.1773079306084,1.220271885091671,-4.242749500222619,2.2079784995804314e-05,0.0020393034207600246
Solyc03g020040.3,35.64646207805156,-4.388984848178076,1.0342395478868465,-4.243683058867387,2.1988084651877295e-05,0.0020393034207600246
Solyc01g100000.3,384.9288389339719,-4.730933426736675,1.1157636319271185,-4.240085705756091,2.234344599511209e-05,0.00205523224059529
Solyc08g074630.2,3105.2749926533033,-6.0588546231421665,1.4308141505045626,-4.234550392869381,2.2900942825822166e-05,0.0020896958370207348
Solyc03g034160.4,20.458269564304636,-3.7272073202633553,0.8811475410043691,-4.229946912199207,2.3374646750415793e-05,0.002115546342037632
Solyc07g017610.3,1622.8836442035265,2.6759019874124284,0.6334502110096129,4.224328827908182,2.3965391976915297e-05,0.0021430067869094857
Solyc07g064990.3,50.234539424968666,-6.551155028351278,1.5514625338557542,-4.222567342357986,2.415351987375796e-05,0.0021430067869094857
Solyc06g066770.1,175.05084926177187,-2.8352674341299378,0.6712585832539367,-4.22380808955311,2.402086155138445e-05,0.0021430067869094857
Solyc03g111815.1,504.5257806474342,-2.2606106039932503,0.5357047248823674,-4.219881772537373,2.4443046946014343e-05,0.002145284473573524
Solyc02g072220.1,67.14002723664404,-5.0752394455256695,1.2031727253323137,-4.218213510553025,2.4624558989949933e-05,0.002145284473573524
Solyc05g005540.4,214.57346952286008,-4.212101271476996,1.0004361506529094,-4.210264961665045,2.5507136431308947e-05,0.0022024092973792274
Solyc03g034400.3,168.54900926340613,-2.403848172890406,0.5708797320255714,-4.210778624704671,2.5449203573827127e-05,0.0022024092973792274
Solyc10g009080.4,130.56119519285863,-3.634146958864241,0.8640362455421299,-4.206012163973557,2.599162496338392e-05,0.002218739621874318
Solyc03g082420.3,4165.523295661948,-2.8109464166516367,0.6686258700566775,-4.2040646982644585,2.6216394732268083e-05,0.0022289040572192956
Solyc05g046200.3,28.40201217454506,-7.753100859478893,1.8483350753717211,-4.194640334853601,2.7330490266156615e-05,0.0022834676920862633
Solyc04g082830.3,128.90304859235172,3.584260841467026,0.8557915652719699,4.188240439513973,2.8112559176975148e-05,0.002337803076060192
Solyc12g070090.1,42.75197891117692,2.9646466952047428,0.7084225442947159,4.184856508422182,2.8534629147396996e-05,0.0023641779502416864
Solyc01g057165.1,59.98865702398274,3.9416245476195617,0.9427062946618023,4.181179832933679,2.900003830775964e-05,0.0023765267756497136
Solyc09g098610.2,36.036807723574825,-3.469505926634338,0.8296934163501705,-4.181672239725281,2.893729151713394e-05,0.0023765267756497136
Solyc01g098790.2,33.812779784245706,2.180771956819581,0.5227124586799161,4.17202980454495,3.0189813488668123e-05,0.0024473296287072835
Solyc11g008680.2,78.71379325038404,-2.623801676270951,0.6290924066637263,-4.170773082742791,3.03568031444028e-05,0.002452046292696278
Solyc06g073080.4,267.8951961635118,3.4006547099956355,0.8168072531134863,4.163350284945562,3.136116864930437e-05,0.0025050436611194463
Solyc02g094400.4,1076.1030359940974,-4.387562409483652,1.0545895838368748,-4.160445425148752,3.176275122984286e-05,0.0025204414144920375
Solyc02g071710.3,209.3020256195958,-2.348147516854309,0.5674313383329409,-4.1382055558527,3.500327082589592e-05,0.002687029580240138
Solyc10g078770.2,123.92399387617958,5.320534283150644,1.285704072204977,4.138226204748618,3.5000121430671484e-05,0.002687029580240138
Solyc09g090090.2,14.453320554645016,-6.89496166081294,1.6670307183267847,-4.136073549822454,3.53298994281485e-05,0.0026927972454053096
Solyc07g008850.3,74.91678100006955,-2.04125071028706,0.49355383135209896,-4.135821830609682,3.53686539155117e-05,0.0026927972454053096
Solyc09g082810.3,877.5650362994129,2.8075311808593906,0.6789963768901787,4.134824980536653,3.55225250001647e-05,0.002695406139406437
Solyc02g084130.4,52.58457912497979,3.134185581088167,0.7600264786755135,4.123784722013981,3.726972520292657e-05,0.0027997017572438444
Solyc04g077400.4,16.389286823193522,-3.8722207614804938,0.9401131102869408,-4.118888162615472,3.807048492883334e-05,0.002812971961823568
Solyc01g110060.3,346.38470141560856,-2.578889322318755,0.6259988421171804,-4.1196391252046665,3.7946624711100205e-05,0.002812971961823568
Solyc08g066890.4,275.77712757230904,-5.979846568338415,1.4554528247759704,-4.10858151260166,3.9809669843424026e-05,0.002900993719275985
Solyc10g007880.4,96.42395111346471,3.2122528880890395,0.7850356573319416,4.091856029834811,4.2793431192659244e-05,0.0030811270458714654
Solyc09g091760.3,98.52824035437284,-2.7828650627839857,0.6800189640194539,-4.092334493636818,4.2705203329663245e-05,0.0030811270458714654
Solyc01g099150.5.1,28.369820654897193,-8.05256635319201,1.9813794641916256,-4.064121234080389,4.821376259494726e-05,0.0033743644529184206
Solyc03g093130.3,678.9867119151987,2.311668405108874,0.5689453038741918,4.063076695365504,4.8430108167957774e-05,0.0033790121290188744
Solyc08g014000.3,615.8219536338767,-5.526631094576436,1.3615492208881215,-4.059075507363211,4.9267382109495806e-05,0.0034163270307419297
Solyc02g080770.2,18.68477489225012,-4.967535352925153,1.2238105960704688,-4.05907202378816,4.9268117012385834e-05,0.0034163270307419297
Solyc03g112010.4,378.5152187674374,-2.0466371654513673,0.5044277117755183,-4.057344823993665,4.963377367158562e-05,0.0034311249185977103
Solyc12g049616.1,51.631759563503856,-8.545853868551255,2.1086107900071913,-4.052836070578065,5.0600459674031576e-05,0.00346629477838766
Solyc03g115880.1,32.4122250611512,-3.2344623097976406,0.7982210775888761,-4.052088325665024,5.076249287305739e-05,0.003466616786021883
Solyc02g079870.4,64.45230594119933,-2.8625548693244642,0.7066308089789214,-4.050990747857208,5.1001224358641435e-05,0.003468279666404812
Solyc03g033510.3,31.965471029434514,-8.191284413470616,2.025349731722814,-4.04438022982969,5.246171881843151e-05,0.0035397523811142896
Solyc08g006020.4,86.96941531384087,-3.8455110618942436,0.9519826279729375,-4.039476088006474,5.357072889332099e-05,0.003603790884596662
Solyc05g050900.4,44.76458460045368,-2.7637866680363183,0.6857353755476069,-4.030398265262667,5.568242562372605e-05,0.0037016493919064604
Solyc09g098110.4,231.3493206429051,-2.0379500066819203,0.506757628912533,-4.021547758551206,5.781698219422748e-05,0.0038322456197915013
Solyc08g007800.3,69.35990464108451,-2.1096992172257556,0.5251749992324379,-4.017135660130731,5.8909814464292614e-05,0.003859277845253774
Solyc01g100800.2,60.133970386067574,-2.7420783935643165,0.6824592510476253,-4.017937172593124,5.870984485049715e-05,0.003859277845253774
Solyc07g051940.4,20.981556913933627,-6.890920268429354,1.7162953568876838,-4.014996743290906,5.944661563805188e-05,0.003874510154964197
Solyc12g056980.1,400.5476158590774,-2.4974528793063144,0.6237444725318511,-4.003967953686009,6.228880617351656e-05,0.003987899249790821
Solyc02g081440.4,184.24990130054098,-3.66017929484567,0.9151158493616771,-3.9996895446612175,6.342563189800234e-05,0.004047823972427011
Solyc03g034100.4,21.102175660320118,-5.6340750925794545,1.4088360460567262,-3.9990991913849716,6.358402938583431e-05,0.004047823972427011
Solyc12g011037.1,12.204747422742383,-4.659674228787661,1.1697861736175286,-3.9833555344373393,6.79489837280009e-05,0.004241823538211158
Solyc08g005880.4,46.573655844408606,-2.2612699263815927,0.5678466792444749,-3.9821839398448766,6.828489880676694e-05,0.004251017899196961
Solyc02g081120.4,112.8302181603393,-2.3938853216060116,0.6019303627447552,-3.9770137374198615,6.978613490631852e-05,0.004312424303067414
Solyc02g077970.4,58.21879020249238,3.6937163593144766,0.930338295034604,3.9702937942343746,7.178406027994433e-05,0.004395993430621808
Solyc04g008820.3,266.5374584576964,-3.009629419429979,0.7580158834809954,-3.970404163048696,7.175081356236858e-05,0.004395993430621808
Solyc05g055250.2,285.19201334766586,-2.4476053373040947,0.6188503629344226,-3.9550842722273054,7.650767874800981e-05,0.004622458574437397
Solyc04g006950.4,21.712653113305624,-8.628056432809256,2.1849551773595413,-3.9488482519975654,7.852811032186631e-05,0.004681771148713172
Solyc01g111950.4,26.393945243698578,-2.5518777355301223,0.646629611544452,-3.94642882102948,7.932548934675774e-05,0.004704419020838243
Solyc03g121090.4,1419.8209340836013,-2.7215090775236277,0.6909536758033851,-3.938772124425385,8.189966885870011e-05,0.004831651668585513
Solyc09g074630.3,65.63555480560107,-2.862360690322733,0.7277764592583913,-3.9330218144723945,8.388462173269362e-05,0.004897471076082858
Solyc02g085400.3,680.1938458227369,-2.089855955231121,0.5316679343773016,-3.9307541796343144,8.467981728288977e-05,0.004931122383171069
Solyc02g086450.1,20.592420098573864,-4.685441835438734,1.1923723885733324,-3.9295121895977836,8.511836195030803e-05,0.004931175848103192
Solyc08g074620.3,1365.1614489642686,-5.5486631244002185,1.414275473268052,-3.9233255679521806,8.733500402817537e-05,0.004965731025694429
Solyc01g091050.4,254.61035914471262,-2.07933130003995,0.5300685683715363,-3.9227590996916133,8.754067025444417e-05,0.004965731025694429
Solyc02g083610.4,50.897333145844534,-3.2186501377391368,0.8204995830411894,-3.922793142452529,8.752829752159692e-05,0.004965731025694429
Solyc03g112840.2,51.37856917207791,-2.1979220978366167,0.5602388669249815,-3.923187460913754,8.738510408408409e-05,0.004965731025694429
Solyc02g067580.3,206.2238298143417,-2.2851824804910015,0.5833369907039455,-3.917431119417515,8.94976069041508e-05,0.005054932504240457
Solyc01g086840.3,12.63221400905164,-3.173938984661011,0.8111712790724642,-3.912785211392419,9.123768096572095e-05,0.0051206128034923856
Solyc02g067600.1,51.45982778176451,-6.31859184746741,1.6145875228899622,-3.9134402798788606,9.099041160001307e-05,0.0051206128034923856
Solyc12g010980.3,1228.2030210938235,-2.543943760568611,0.6515294623878825,-3.9045720990804496,9.439224902556171e-05,0.005252404256889034
Solyc01g080260.3,74.75912366506591,-2.094698863564547,0.5397048403211894,-3.8811933988176746,0.00010394513742219174,0.005577399087967888
Solyc10g081840.3,100.19965027055848,2.8125668487590145,0.7281734291317062,3.8624958509029854,0.00011223447207065492,0.005868482743815033
Solyc06g076160.4,109.79945482404854,-8.707495702576525,2.2557995847498358,-3.860048455298466,0.00011336454313345335,0.005913850333461816
Solyc09g065670.3,16.708376822839103,-3.376375848946008,0.8751377699225715,-3.8581077916963125,0.00011426825391863172,0.005933931020147857
Solyc10g050510.1,346.4733594457572,-4.8517039012265535,1.2617839534554462,-3.84511459980131,0.00012049611134087876,0.006074944888541485
Solyc06g074410.4,32.796711247829606,-3.3974346846894186,0.885421109835326,-3.837083447582684,0.00012450417417803219,0.006235169042835852
Solyc09g072700.4,114.05802800178618,-4.830563278132191,1.2604851550521976,-3.8323047746898324,0.0001269483314117015,0.006316580939312201
Solyc03g121170.3,113.69581478395067,-2.4942511530577884,0.651643441625516,-3.827631790225513,0.00012938211183880174,0.006411873064429727
Solyc04g074770.2,891.9951430609372,-3.1424425040200235,0.8210185376497505,-3.8274927543238997,0.00012945519365972338,0.006411873064429727
Solyc11g150122.1,170.71960715196514,-10.984559585641756,2.8762027664719407,-3.819118635754542,0.00013392934336351763,0.006604445693742305
Solyc12g039070.2,37.26870261527057,-3.7148547885728354,0.9738743355320033,-3.8145114344177706,0.00013645261923829875,0.006714183902083626
Solyc00g500065.1,95.45598063259976,-4.522098028800197,1.187132201688198,-3.809262373954146,0.00013938199009631282,0.006828505497414143
Solyc03g121900.1,838.4790442622319,-4.9914949844234195,1.3107785037540818,-3.808038482571794,0.00014007347854493084,0.00684749655637432
Solyc03g113250.4,194.12150886276916,-3.517591748649956,0.9249372756909923,-3.8030597761584115,0.00014291985243186254,0.006954532678189951
Solyc12g006210.1,31.00695067672231,2.4719495583936655,0.6516021816129666,3.793648376490449,0.00014844985523113986,0.007148431490361042
Solyc05g055510.3,90.79368605005854,-2.2726145184134063,0.5992059510127843,-3.792710193502266,0.00014901202556358216,0.007160202575908076
Solyc02g085725.1,20.20268590276609,-3.388037151399437,0.8940342505995054,-3.7896055426596336,0.00015088669354244017,0.007188962304926462
Solyc03g114750.3,29.223945328287098,-3.1841835104434186,0.843996021359757,-3.7727470626145836,0.00016145995242780822,0.007533460637501214
Solyc04g045525.1,13.403781821435903,-3.563095720423961,0.946400806609545,-3.764890832234869,0.00016662186234076603,0.007758244400230378
Solyc04g009525.1,46.84022854466048,2.2080030814229996,0.5870999350792773,3.760864121241724,0.00016932739626291263,0.007867963303465977
Solyc10g055560.2,16.775706790919667,-7.722665144893715,2.0549190132168333,-3.7581360117956266,0.0001711838284800627,0.007937857528038463
Solyc12g036470.2,31.010668405013767,-3.257537500005192,0.8697803081877397,-3.74524172292719,0.00018022016929030474,0.008254962876272982
Solyc03g120570.3,51.754116413675845,-2.3531148558985517,0.6295244777172473,-3.737924320959383,0.0001855457753308134,0.00843412525572572
Solyc02g089030.1,35.514190086244675,-2.541583747678672,0.680843085494774,-3.732994873307237,0.00018921644745108446,0.00856261417622016
Solyc03g115870.3,677.0289246549935,-3.134234591512932,0.8401777075489493,-3.7304424568183747,0.00019114379723553847,0.008619406896905189
Solyc02g076930.2,42.451720373033524,-7.912025485146448,2.122724313099987,-3.727297716580008,0.00019354378700256792,0.00865417219025768
Solyc10g086680.1,63.92946967675384,-4.152508229448075,1.114544526369375,-3.7257445810396255,0.0001947395220541147,0.00869039578022085
Solyc06g008360.3,67.08880870593514,-2.373700086745388,0.6378715517754368,-3.72128225524165,0.00019821373728863754,0.008744258750570626
Solyc08g014190.4,69.93024212895271,-2.1725531195783407,0.5841159072287103,-3.719387013248517,0.00019970685668184706,0.008790222113636925
Solyc11g011160.1,209.8685373747306,-2.0661748331302534,0.5558091674704068,-3.7174176930794576,0.00020126952740635127,0.00880362400220822
Solyc08g079150.1,29.884520153191524,-7.655085860921616,2.0594598401458626,-3.7170357545692374,0.0002015739255031701,0.00880362400220822
Solyc01g097930.3,19.687704070921203,-7.15454733676715,1.9278970153899573,-3.7110630286026947,0.00020639070203895207,0.008979190851640588
Solyc10g007360.4,48.80791273046601,-6.081735982406857,1.6394826822953763,-3.709545729322407,0.0002076314542579117,0.009015765805696142
Solyc12g011140.3,138.0392494935548,-2.175945317183736,0.5869105983507408,-3.707456166745484,0.00020935163842057352,0.009055563384733291
Solyc12g100270.2,422.0734829164766,-5.016557650662936,1.3537514732614586,-3.705671055394712,0.00021083178261387174,0.0090673760553172
Solyc07g007710.4,9.485297341710705,7.373286463742816,1.9920595729561958,3.7013383353796665,0.00021446528083664685,0.009206075369399378
Solyc10g080400.2,70.40009306311693,-8.268813018890961,2.237535455758139,-3.6955003316759774,0.0002194541938556871,0.00934899756660069
Solyc04g016190.1,19.774337431248608,-3.701919931373847,1.0037986757250383,-3.687910754315322,0.00022610291969940712,0.009506446638704922
Solyc01g060200.3,11.159100045125452,4.001104055810652,1.0847137342163917,3.6886267128359824,0.0002254677302478968,0.009506446638704922
Solyc01g011430.4,36.684650137185066,4.853830956103986,1.316104423534659,3.688028753119803,0.0002259981171629549,0.009506446638704922
Solyc09g082190.1,25.869647777846954,-3.7093839673945017,1.0053185289383741,-3.6897598727357055,0.00022446582731278298,0.009506446638704922
Solyc03g121420.4,148.48213469260872,-2.313186315849295,0.6276468224843822,-3.685490363343398,0.00022826271960359773,0.00955702791468584
Solyc03g006550.4,74.56526181699253,-2.7226275676506115,0.7388127935327968,-3.6851386325238975,0.00022857818805536333,0.00955702791468584
Solyc11g031960.2,222.51254481501542,-2.5967532400970805,0.7047486468170822,-3.684651615615048,0.00022901567062136343,0.009557587320598235
Solyc04g064770.1,166.7847765496404,-4.068106031333465,1.1046653820974133,-3.68265910859758,0.00023081371792688988,0.009597081083395555
Solyc01g080020.2,501.66690148972265,-4.311689406862082,1.1712133649375769,-3.6813867873612303,0.00023196878828235116,0.00962734551147526
Solyc10g086600.3,28.019600047824262,-2.4528141737002547,0.6667666113301889,-3.6786697654325087,0.00023445360804834212,0.00967700826186344
Solyc03g115050.3,269.1277556872254,-2.848436944547269,0.7742922108672424,-3.678762235457451,0.00023436863171706382,0.00967700826186344
Solyc02g063350.1,191.1436878307122,-2.1103129074012563,0.5736232467107688,-3.678918034619532,0.00023422552375502808,0.00967700826186344
Solyc12g009480.2,353.50863418747593,-2.668851452073567,0.7264845988450516,-3.6736517970462765,0.00023910852075900797,0.009815208786566491
Solyc11g007940.2,77.21341098203457,-2.328326838385901,0.6348005261495264,-3.6678086146347435,0.0002446381851902846,0.009969559026127041
Solyc01g005680.4,74.16657669691837,-3.0624850682143974,0.8348716568982035,-3.668210608074108,0.0002442539508897352,0.009969559026127041
Solyc12g100280.3,17.643110481084012,-4.6593965390830006,1.2706903249637451,-3.6668230233168266,0.0002455826359538631,0.009989982461834402
Solyc03g005910.3,27.99337823674661,-6.607525626575264,1.8028977753438487,-3.664947462323579,0.0002473893617483279,0.010045345326775347
Solyc03g078150.3,432.330813553542,2.527686607985512,0.6905096402167491,3.6606101649675415,0.0002516153399654386,0.01009262434528168
Solyc10g054790.2,5.733966762947864,6.932916466279735,1.8953046477973097,3.6579430511802156,0.0002542475185456135,0.010141101022909639
Solyc06g069790.4,203.40020046186243,-2.497466818950165,0.6833886165978063,-3.654533830814445,0.0002576496896252761,0.01024055274320145
Solyc07g061750.4,67.40310604096352,-2.8674561208581535,0.7853573077407394,-3.6511484550988,0.000261070270924868,0.010340034491323067
Solyc01g104550.3,29.056886462209494,-3.5648968356661346,0.9777176481165477,-3.6461414423003085,0.00026620748691493006,0.010506570797048798
Solyc02g038690.1,142.57253326443916,-3.4320279060686816,0.9416480305168492,-3.644703535550241,0.0002677002082207269,0.010521727372905354
Solyc04g079450.4,407.3438159542515,3.0510390619578773,0.8374134539104755,3.643408220527648,0.0002690516163261231,0.010521727372905354
Solyc12g035710.2,45.569839637626494,-2.556289102694328,0.702095817324094,-3.64094050928425,0.00027164390484929826,0.010591292456200323
Solyc03g005900.4,165.73278233953846,-2.9670518667429864,0.8154418017127477,-3.638582006111305,0.0002741433354034689,0.01067028360389046
Solyc06g053870.4,23.509520324465914,-8.470901493667933,2.329675938209816,-3.6360857554193546,0.0002768122132572778,0.010755586272355195
Solyc11g011050.2,200.94927178960302,-2.793853653385957,0.7685507000033889,-3.635223614230834,0.0002777396187179811,0.010773046553233082
Solyc03g098760.3,471.30878096197335,-7.59381070140383,2.0898924223798474,-3.6335892795651374,0.0002795056696881926,0.010822920570606714
Solyc09g097840.2,83.94290069138542,-5.482981044203553,1.509420159289215,-3.632508159149992,0.0002806796981289689,0.010841984619111815
Solyc08g007570.4,79.38989200833494,-4.173035394342337,1.1490238840271303,-3.6318090967061263,0.00028144129402646486,0.010841984619111815
Solyc02g093760.4,63.08680619857001,-4.433658580744642,1.2206687372045653,-3.632155428915216,0.0002810637395507251,0.010841984619111815
Solyc10g083170.2,86.49369513942396,-4.321536469977561,1.1908916850205862,-3.628824119216902,0.00028471512652457044,0.010932412354862562
Solyc12g040690.1,25.290016843930893,-3.202608064897443,0.8830542082549364,-3.6267400516966393,0.00028702198405062965,0.01096626054822786
Solyc09g091540.2,51.88828894601403,-4.4999401405287145,1.240791341725752,-3.626669520654442,0.00028710036046567433,0.01096626054822786
Solyc03g005320.3,243.829740872151,-2.956139756356015,0.815512494354137,-3.6248859175323798,0.0002890890363776333,0.011023386327055877
Solyc12g088240.2,35.09832229915035,4.913685312323913,1.35603033189447,3.623580680130619,0.00029055251501025874,0.011023386327055877
Solyc05g052040.1,3147.45934269939,-3.6782786129700047,1.015655655314617,-3.621580398556038,0.0002928087760213432,0.011081936145648142
Solyc09g098010.3,35.00873976869507,-7.6191490435113085,2.1039575723920625,-3.6213415819259285,0.0002930792484383339,0.011081936145648142
Solyc04g074400.1,13.400078244216418,-7.640557399415552,2.1109424247069395,-3.6195006126120584,0.00029517211232613994,0.011123743684585099
Solyc06g050340.3,59.83474915532084,-3.7670027215691,1.0414060996847951,-3.6172274415420347,0.0002977756293111452,0.011165842898762011
Solyc01g087580.3,67.05827101286688,-8.393718399088177,2.3259299699707974,-3.608758005381204,0.0003076664357164341,0.01138517371971356
Solyc00g500294.1,29.627421570150734,-6.907417813443631,1.9149695538544897,-3.60706403897662,0.000309681250263931,0.01144094533761959
Solyc10g005220.3,29.926796941430243,-2.353365168273598,0.6526364032822791,-3.605936102304298,0.0003110296698005268,0.011447975863358406
Solyc08g005630.3,335.03572688947787,-2.0309896750216017,0.5631646934266645,-3.6063867261701446,0.00031049030241402494,0.011447975863358406
Solyc07g052210.2,139.06780062998388,-5.974739171981244,1.6579262646202069,-3.6037423976451213,0.00031366794418773847,0.0115127374433467
Solyc01g098320.4,80.56395026246331,-2.3604627113136436,0.6573746179881351,-3.5907420924430142,0.0003297377959660816,0.011966136827522728
Solyc09g010210.3,495.46551944820106,-2.4181570070729252,0.6743679547671809,-3.585812448498937,0.0003360304053394553,0.012174889412749142
Solyc06g075850.1,713.9673392898038,-2.24433257792314,0.6262369813749767,-3.5838390971345135,0.0003385807059432194,0.012247599982562427
Solyc08g078680.4,18.86587816053393,-7.943574482525724,2.218756160443943,-3.5801926431322326,0.0003433409875287869,0.012360275551036328
Solyc11g005350.2,110.7472123590542,-2.3922832824219515,0.6690283677800433,-3.575757617513258,0.00034921509409347503,0.01249192279442945
Solyc05g009790.1,3146.178581182784,-2.3106717632243803,0.646743253152875,-3.572780623469746,0.00035321064905257185,0.012588395397036057
Solyc03g119220.3,144.15409641857565,-2.822164791888033,0.7907408728955828,-3.5690134260464608,0.0003583280640610473,0.012677050630580474
Solyc05g007640.3,125.99483540240195,-3.7482755329429978,1.0512176361193613,-3.5656513020272405,0.0003629536926563504,0.012800507695936639
Solyc11g006250.2,1254.8774986001722,-2.761303636496797,0.7749478810343142,-3.5632120611921874,0.00036634449671760254,0.012859718968890797
Solyc02g090060.1,18.25295453429953,-3.3359727050723555,0.9372674979583585,-3.5592535880515173,0.00037191029442719165,0.012990727348013903
Solyc09g075350.4,144.37581537599772,-2.753875843658498,0.7742989211053116,-3.5566055545154844,0.0003756775742863125,0.013085424751339008
Solyc02g071700.3,287.60889774919184,-4.323946603164309,1.2162278414734327,-3.5552110021802705,0.00037767587361871156,0.013134727604739636
Solyc06g074800.1,136.6765071986003,-2.5659089038671135,0.7222412300973179,-3.5527034416483976,0.0003812940545225323,0.013219758173415058
Solyc05g047680.4,340.5627300891382,-2.5370640209139177,0.7156104683781251,-3.545314291815733,0.00039214520406412816,0.01343067525651853
Solyc10g078360.3,315.49915235012577,-2.240378810321399,0.6320962126439764,-3.544363603999754,0.00039356207835111577,0.013442738280391345
Solyc03g117190.1,12.873378439067665,-4.444622670110062,1.2540606436504314,-3.544184798888401,0.00039382909755581916,0.013442738280391345
Solyc02g066800.3,13.012442514213507,-4.0707339133107485,1.14926676914625,-3.542026988507424,0.0003970648467000176,0.013496611440771638
Solyc05g015815.1,15.267387573430614,-7.270945724589463,2.0539775700946166,-3.5399343354341144,0.0004002265998925991,0.013522498733402718
Solyc06g084450.4,111.02085401186203,-3.912654666066885,1.1049234416497602,-3.5411092919025267,0.00039844849464078117,0.013522498733402718
Solyc10g008910.1,1301.4061784415887,-2.4738448817282346,0.6988083767486489,-3.5400904797940624,0.0003999898744549462,0.013522498733402718
Solyc02g087880.3,1079.8764536291,-2.8177153115614324,0.7963636066478835,-3.5382271214300993,0.00040282340511591566,0.013555670543601543
Solyc06g007580.1,36.171708950521186,-7.536949940190661,2.1318854183015215,-3.535344758910809,0.000407243454169372,0.013655522869409747
Solyc12g042460.2,97.75558311891616,-2.1741476971946017,0.6150416105348941,-3.5349603343158718,0.00040783637441145634,0.013655522869409747
Solyc03g118630.3,89.24595263761675,-2.564407735678993,0.725594647006173,-3.5342153449723233,0.0004089877106672471,0.013655522869409747
Solyc04g058100.3,1697.3387040643786,-6.018530802619556,1.7054484287802298,-3.5290019334821676,0.00041713008289622394,0.013885440986926591
Solyc11g005090.2,200.21510296290108,-2.453822777274383,0.6971288899972634,-3.519898274885747,0.000431712339305519,0.014203020844655731
Solyc06g066680.3,38.78360029854214,2.123170962082119,0.6036942342831044,3.516964121089238,0.0004365127815978349,0.014340017559896221
Solyc03g097530.3,24.194346279182415,-2.502467275355403,0.7119599184707156,-3.5148990981552495,0.0004399211023969229,0.014409973784327113
Solyc05g025590.4,441.892741369678,-2.9005669738268223,0.825881149480193,-3.512087635917626,0.0004446013665898108,0.014500052673615016
Solyc06g072760.4,9.948553350178369,-4.154883276870564,1.1833107364465516,-3.5112360167943377,0.0004460282091268176,0.014525566070638672
Solyc03g119120.3,44.416045790404716,-2.849060074084064,0.8119952170499581,-3.5087153400175444,0.00045027655507866624,0.014600622223385358
Solyc02g085360.4,38.536610597684515,-2.3864419916667017,0.6804673086843088,-3.5070633977713257,0.0004530811889804862,0.014628420737627846
Solyc01g096690.3,24.73395952946547,4.779837006392816,1.3628951051950355,3.5071202385078655,0.00045298441572414074,0.014628420737627846
Solyc02g071410.3,59.99261671534786,-3.419299076847608,0.9759238455018562,-3.5036535817907772,0.00045892193568394487,0.014786121695773608
Solyc01g091170.3,3451.641128811497,-2.500394362732092,0.7144453310237541,-3.4997700371968112,0.0004656596887534915,0.014927605612729282
Solyc10g083310.2,95.68359607314632,-3.0549594711423955,0.8731709382986196,-3.498695773241157,0.0004675397131228997,0.014966583771218277
Solyc08g005120.3,46.4621562190402,-3.763890632971554,1.0766439718298577,-3.495947343274925,0.0004723819086910473,0.015070966614637025
Solyc06g084330.3,44.239514610868575,5.889193489909819,1.6846262493134685,3.495845735699433,0.0004725618149115764,0.015070966614637025
Solyc02g092475.1,9.884083570158436,3.0213694370997257,0.8648131023932207,3.493667508897134,0.000476433986063811,0.015122417337935274
Solyc01g068410.4,18.113682726243724,-3.643722553120844,1.0438902382756974,-3.4905226809473393,0.0004820766915475069,0.015280000451075406
Solyc03g120920.1,215.27094421363313,-2.2776782871853887,0.6526859461646393,-3.489700215807691,0.0004835626739436888,0.015305573623588442
Solyc02g086140.2,28.788809637134108,-7.539656556064207,2.164794238921053,-3.48285135857624,0.0004961037344941245,0.015558311966659357
Solyc01g005230.4,73.70359018793592,-7.45606536843639,2.1447594330989146,-3.476411038632565,0.0005081727890702248,0.015809543496574232
Solyc01g099870.3,16.982621580969603,-8.265363734160658,2.38001786097922,-3.47281584297019,0.0005150286165954111,0.015879608621532343
Solyc12g013830.2,32.662216201454896,2.2962744290362997,0.6611557152708339,3.4731219529663457,0.0005144415419427589,0.015879608621532343
Solyc04g077220.3,106.89947177010221,-3.2722738655009564,0.9425603921913072,-3.471686156781345,0.000517200600293075,0.015879608621532343
Solyc06g065340.1,36.65296240980582,-2.704120737280607,0.7797537891298881,-3.467916122982976,0.0005245109744406562,0.016060297989123135
Solyc02g081270.4,99.17279817353302,-2.705820092107481,0.7802221734982286,-3.4680122970301914,0.0005243232949649302,0.016060297989123135
Solyc06g070970.3,89.31762364078133,-2.3997485469359754,0.6924405838564452,-3.4656382119761546,0.0005289745634007135,0.016087529754751407
Solyc01g108710.3,37.74467302147797,-8.726858613718317,2.517609399945151,-3.4663274668057884,0.0005276202408038067,0.016087529754751407
Solyc04g006930.3,22.01271004331113,-4.21056899870803,1.2151593950433293,-3.4650343122746405,0.000530163832881449,0.016087529754751407
Solyc09g011520.3,631.2651085894371,-6.4289441918229535,1.8545351023282997,-3.466606905284054,0.000527072090930471,0.016087529754751407
Solyc03g043740.4,70.1984403150396,-2.325965359153229,0.6720649622454694,-3.460923407436435,0.0005383259495755062,0.01615221450954307
Solyc02g091870.3,25.158358496935218,-5.7890710405448855,1.6720869909171983,-3.462182931863717,0.0005358128328901784,0.01615221450954307
Solyc04g080620.3,18.757356988742263,-3.372773616926996,0.9744548609795965,-3.461190201808246,0.0005377927023922352,0.01615221450954307
Solyc08g036620.4,46.83263191556478,2.9250687827790087,0.8446715657091258,3.462965845574937,0.0005342562067999347,0.01615221450954307
Solyc06g083330.2,60.56619174373425,-3.9542901406151243,1.1430084842969472,-3.4595457469831183,0.000541087355288163,0.016172340369726847
Solyc02g084173.1,20.235527521691722,2.97399064002454,0.8606525845444424,3.455506546347877,0.0005492598536204123,0.016325315158554916
Solyc04g079910.4,39.14205293620899,-2.8754596457420716,0.8360992464610344,-3.4391367507064,0.0005835723659927852,0.017013437050470127
Solyc10g005400.3,1124.6711386177114,-3.738773559832977,1.0872737546840403,-3.4386680849474356,0.0005845835012065518,0.017020896360711694
Solyc01g081000.3,29.679935260199613,-5.859429151229978,1.7057938346607735,-3.4350160213794103,0.0005925187971923474,0.01722229152301298
Solyc01g087500.3,483.0511759902829,-2.330742734088683,0.6785706239904762,-3.4347828386414134,0.0005930288525851116,0.01722229152301298
Solyc05g025513.1,59.268685339424756,-2.0903299020086856,0.6087720743652953,-3.433682309077761,0.0005954416317675785,0.017247908243591452
Solyc01g057270.4,30.802996268032807,-2.538073632646237,0.7391467097409952,-3.4337887177169537,0.0005952079451649979,0.017247908243591452
Solyc08g080590.3,62.71082464729127,-2.5114798880141036,0.7337199420758732,-3.4229407489027937,0.0006194757880948674,0.01776145847392612
Solyc01g150144.1,43.8899095883505,-2.0142185339948906,0.5884193988686274,-3.4231001524893507,0.0006191126189457713,0.01776145847392612
Solyc04g050570.3,68.59468838609573,-8.350230571155038,2.441938808965393,-3.4195085235132843,0.0006273436710737531,0.017895970849769748
Solyc11g066920.1,108.90617007375226,-2.01684821307329,0.5909782197288804,-3.4127284995351395,0.0006431598303917265,0.018300820628419128
Solyc06g065530.4,24.87718742472388,-7.152691321230829,2.097430005111977,-3.4102169339610278,0.0006491122629374747,0.018400495544099282
Solyc03g095650.3,723.0366266395016,2.9352652642784305,0.8613527868759209,3.407738744219399,0.0006550357780473648,0.01852181467261658
Solyc09g083380.4,1838.0692710020119,-2.2196267595949726,0.6518146647394973,-3.405303500623238,0.0006609055762702568,0.01864101134771778
Solyc01g080750.3,263.27076438688056,-3.2050503584351073,0.9419482942233486,-3.402575680735982,0.0006675386450131153,0.018711008587084035
Solyc01g091830.3,305.98872306710297,2.1270134083264383,0.6250547576035356,3.402923315841036,0.0006666898944973732,0.018711008587084035
Solyc04g072940.4,83.5427523980235,-2.9421707507748285,0.8644282068676229,-3.4036033616212014,0.0006650324643570572,0.018711008587084035
Solyc06g072660.4,378.02530763472714,-2.151256715058847,0.6321783794231851,-3.4029267451723126,0.0006666815267909466,0.018711008587084035
Solyc06g059930.4,109.55041395153673,-2.1915103457579006,0.6442510298091111,-3.4016404233102056,0.0006698270641524503,0.018751829463030584
Solyc08g067160.3,275.59711282555406,2.4263863225279447,0.7149524741406827,3.3937728874136317,0.0006893683758989847,0.01908551071162103
Solyc01g111880.4,296.87296921637306,-5.121086783519673,1.5103721631420735,-3.3906125314611995,0.0006973661820613399,0.019212523568379408
Solyc07g008010.4,27.419153328169177,-3.8259819497841385,1.129905197352661,-3.3861088158088983,0.0007089126722789219,0.01945926429047233
Solyc12g088400.1,243.01528229119032,-3.133906678181655,0.9263919225791389,-3.382916670361981,0.0007172039024955521,0.01959140260198759
Solyc04g077950.2,25.00877798254911,2.615748396101597,0.7736566673766734,3.381019651741793,0.0007221737774351636,0.019631976174039622
Solyc02g062045.1,14.940329456472682,-6.789837252980236,2.0081364234062367,-3.381163338227387,0.0007217962256157379,0.019631976174039622
Solyc05g051290.4,421.5508785827142,-2.135189515997953,0.6314199080401702,-3.3815682540407237,0.0007207332516877946,0.019631976174039622
Solyc04g053000.1,16.712862006951948,-3.5363065590945606,1.0458839169407188,-3.3811654446685595,0.0007217906920772578,0.019631976174039622
Solyc04g051280.4,61.534636666273904,-4.145367806094975,1.2285173554847044,-3.374285098690726,0.0007400767588320453,0.019974095613220326
Solyc01g079110.4,648.0299166590463,-2.504615183226536,0.7434485693509623,-3.368915196666649,0.0007546464331696846,0.02022201191190489
Solyc01g100980.4,92.11474581619802,-3.39850392409353,1.0087427722723095,-3.3690490950810066,0.000754279923466919,0.02022201191190489
Solyc02g071930.2,63.49046651658234,-8.04019550707794,2.388069277313813,-3.366818368067547,0.0007604075335890626,0.020279933937234457
Solyc09g011330.3,233.67355524440578,-2.8472460519270455,0.8470320249015281,-3.361438491369973,0.0007753762399318364,0.020461216561011554
Solyc02g086850.3,22.102613909872563,-8.409157033942538,2.5027898949690437,-3.359913291501662,0.0007796693832083331,0.02052643600465303
Solyc11g008200.2,258.0422895549805,-2.421633472333394,0.7207417495023478,-3.359918409063253,0.0007796549414377924,0.02052643600465303
Solyc11g006750.1,38.53968966255168,-2.416265189237372,0.7202313053023346,-3.354846104923315,0.0007940914787742326,0.020784721911331135
Solyc11g007490.1,46.37202379822891,-6.948362445509753,2.0719260175169625,-3.3535765209593773,0.0007977435231297403,0.020856088210268943
Solyc01g066260.2,27.232678398497082,-4.244122218879945,1.2660521878220794,-3.352249030255915,0.0008015788056807189,0.020932074119143315
Solyc06g074790.2,1074.7019503695155,-2.250639458979387,0.6738151638687164,-3.34014367687619,0.000837350572673924,0.02174024482232667
Solyc07g008140.3,276.0587286694352,2.599272738852618,0.7789774127806067,3.336775490799351,0.0008475638326004688,0.021925008057301777
Solyc01g087810.2,62.58061661702873,-3.790441276739955,1.1385920433189287,-3.3290600430431976,0.0008713961634749444,0.022391999931666302
Solyc11g028000.1,45.90811508611856,-9.171304397856925,2.7553378494896648,-3.3285589277393353,0.0008729653520896552,0.022406773547485728
Solyc06g065050.2,29.692207506152272,4.550849912344416,1.3675810301734557,3.327663818038785,0.0008757748129766578,0.022453311928602913
Solyc04g014600.3,306.5461539134456,2.013808666838837,0.6066328226424078,3.319650028277349,0.0009013036050534747,0.022925257385423368
Solyc02g093710.1,488.1704670861421,-2.9289415386785973,0.8826195688832446,-3.3184643100362146,0.0009051388870661193,0.022970957160948272
Solyc12g094400.2,30.436728874224336,-2.4193270732673495,0.7295681399673042,-3.316108449274899,0.0009128039900052103,0.02311342777388474
Solyc05g021245.1,23.080924365709667,-8.606751423959128,2.5960732796428676,-3.315296024749782,0.0009154612387409737,0.023117900328330852
Solyc03g150157.1,66.83932434022263,-8.302079404261216,2.5048122215328448,-3.314451811154401,0.0009182300551388037,0.02312093019285819
Solyc02g070820.1,36.26233520286568,2.1600283435399605,0.6519445204093581,3.3132088328369895,0.0009223208497638,0.02319801637307701
Solyc01g105890.3,188.922983101709,-2.5739756352855614,0.777962900222076,-3.308609748036569,0.00093760428944769,0.023351606575240262
Solyc02g067800.4,24.494762144220584,-4.769096895281689,1.4415742924911954,-3.308256064306042,0.0009387892952239828,0.023351606575240262
Solyc04g082120.3,409.2060557281416,-2.7960654206348154,0.845059343034478,-3.3087207942043158,0.0009372325188341625,0.023351606575240262
Solyc02g091590.4,29.095728227992936,-6.025634652381645,1.8213194888103146,-3.308389708341389,0.0009383413622604082,0.023351606575240262
Solyc11g072860.2,1481.2229505998237,-2.569744731659525,0.7767057075041488,-3.3085178940130278,0.0009379119100666754,0.023351606575240262
Solyc12g005940.2,181.11253862918124,-2.756714584818661,0.8329751222854691,-3.3094800925806127,0.0009346941267776689,0.023351606575240262
Solyc03g118470.4,3069.0013160609806,-2.2567229911778166,0.6827096566020706,-3.3055384076589784,0.0009479411109660391,0.023501431107514476
Solyc02g079890.2,39.21559104959276,-6.981085623650122,2.114128367054756,-3.3021105683263894,0.0009596023540647067,0.02366039239737662
Solyc01g095550.2,24.78061524912042,3.0604474073757935,0.9277550124392502,3.2987667717679865,0.0009711055819697055,0.02389174169789223
Solyc00g500062.1,124.67100655932582,-2.98145176717807,0.9041491539542446,-3.29752204505071,0.0009754201719422297,0.023906956061016678
Solyc02g090770.1,385.5566367567073,2.1485852610551452,0.6515812899762983,3.297493795644902,0.0009755182984074634,0.023906956061016678
Solyc09g074760.1,9.092271174839748,-7.03832806710319,2.136835782599989,-3.2938085951271945,0.000988397787387017,0.02408057571519331
Solyc03g114560.2,113.25967756382985,-3.631624693108721,1.1040116308921923,-3.2894804651413607,0.001003725237120856,0.024186679842564555
Solyc11g012610.2,117.61804671773703,-2.5610171083604434,0.7789393089468292,-3.2878262516024335,0.001009641294729088,0.024254977776536776
Solyc01g088300.3,50.272411689409275,-3.1588189104219895,0.9610886911650629,-3.286709061775315,0.001013655006983468,0.024301839614233444
Solyc01g105920.3,138.82257029798575,-2.4728980655091193,0.7537841288914084,-3.2806449097648347,0.0010357004597703018,0.024672881143111544
Solyc08g079690.4,71.20286318097311,-2.197912195534563,0.6722927217859728,-3.2692785810557643,0.0010782208794498072,0.025470425303229408
Solyc07g055240.1,10.23382154836936,-6.052310154128235,1.8512223670731316,-3.2693588094968935,0.0010779151747377252,0.025470425303229408
Solyc09g007270.3,1568.7455380484876,2.0261274833609613,0.6209113445210003,3.2631510138118185,0.001101807917139995,0.025769458711522353
Solyc01g107730.3,455.86062199075667,-2.924792335225508,0.8965761133155291,-3.262179631810239,0.0011055906106461053,0.025819264250280444
Solyc05g009660.4,59.993844366265996,-2.413844616900802,0.740262619981869,-3.260794955390188,0.0011110034917015375,0.025892011053759927
Solyc02g093890.1,58.92655151873767,4.479504753087705,1.3762820374154363,3.2547869050880798,0.0011347747638535217,0.02625593847864781
Solyc02g091535.1,13.932373316857591,-6.205365349027022,1.9090322352676057,-3.2505293700067677,0.0011519036974223813,0.02654325329765929
Solyc10g012210.3,48.97161428989635,-8.404588179927003,2.585922659202359,-3.2501313022716007,0.0011535173612181244,0.0265532862639547
Solyc01g111270.3,18.663468496409216,-6.83445050361949,2.103199914842332,-3.249548678367952,0.001155882935160333,0.026580589619156395
Solyc07g063080.4,63.23219598607706,-4.585383539313345,1.4113380190411975,-3.248961961946195,0.001158269655837721,0.026592667683284756
Solyc03g114840.3,6.168135378276813,-6.8370392385628165,2.104643372329969,-3.2485500054072327,0.001159948186575653,0.026592667683284756
Solyc01g104900.3,35.43901219049105,-2.392568899364101,0.7369191591441243,-3.246718272521084,0.0011674388993905432,0.026710053844330235
Solyc09g084480.3,2787.490548304112,-7.188676513131974,2.214876510167605,-3.2456330996927636,0.0011718976801880084,0.026784874361781907
Solyc01g099410.3,2347.986835564886,-2.336034421937082,0.7207481589693309,-3.2411243689857065,0.0011905922828900322,0.02712961343499471
Solyc07g053360.4,95.0066542807491,2.5728816665596397,0.7941505981956967,3.2397906296427967,0.0011961749618490368,0.027174394092973682
Solyc04g081020.3,56.01304292223723,-2.2744589844027825,0.7036457157266618,-3.232392287152529,0.0012275840584889518,0.02760498185184409
Solyc08g075240.3,146.93053398115356,-2.6050638481264237,0.8059835215585468,-3.2321552220930756,0.001228602981780246,0.02760498185184409
Solyc11g072470.3,92.09634184899612,2.337156787094019,0.7236168955083957,3.229826171280854,0.0012386550300996625,0.02769278745865674
Solyc01g056370.3,78.77414631954278,-9.094926627308036,2.8194665384907216,-3.2257615059963105,0.001256380015991907,0.02789534979349125
Solyc10g005610.2,56.339840377551255,-2.2197560556974416,0.6891357537413412,-3.221072254118744,0.0012771194599839736,0.028245970171842442
Solyc08g074683.1,69.21839334596713,-3.6571766506186543,1.1356933874730015,-3.220214796491976,0.0012809457984770886,0.028301367171058498
Solyc06g083470.4,57.39256063317919,-6.790400545375391,2.1108569144878455,-3.216892864111037,0.0012958697962545975,0.028519259500384385
Solyc08g067360.3,80.78708955821445,-3.196019690417954,0.9949393346755162,-3.2122759438999218,0.0013168782230381455,0.0288969499847981
Solyc10g079150.3,53.095152735862825,3.8225000876497783,1.1912523578968135,3.208807992958352,0.0013328646914113227,0.029134276125747403
Solyc06g068390.1,27.655844975216826,-2.7298807948476536,0.8527047592674435,-3.201437267915436,0.0013674384667839545,0.029688403694990703
Solyc04g007200.4,29.466006072355206,-4.912681737391695,1.535472058118203,-3.1994601994987972,0.0013768519639961224,0.02980666269031375
Solyc04g016000.3,230.0574535137259,-2.5892469987870963,0.8099026089672661,-3.196985625331831,0.0013887184688086858,0.02988492177034452
Solyc06g083740.1,11.2777233901193,-6.565607218272437,2.0549212433006994,-3.1950651343340484,0.0013979928613255112,0.030033524425959697
Solyc02g085530.3,13.541135634833243,-6.189831107010773,1.9374925963637997,-3.1947637470344787,0.0013994534881679856,0.030036270294622594
Solyc03g006710.1,72.56912814993883,-2.9176112912655467,0.9136735330726352,-3.193275481510093,0.0014066867890946187,0.030162791131338088
Solyc04g072920.4,472.56280081271456,-2.1112091396498442,0.6622503613877876,-3.1879320310609898,0.0014329421522426215,0.030526166986096535
Solyc10g075090.3,28.11296055752346,3.1658013638431823,0.9929327368218376,3.188334160455044,0.0014309506558673184,0.030526166986096535
Solyc02g093610.3,48.902372605126764,-2.0632220608552743,0.6478369826388346,-3.1847858583978192,0.0014486115986175024,0.030798029232494372
Solyc12g094570.1,189.95265024275304,-2.75773386088269,0.8665316573425724,-3.1824963779626283,0.0014601134204672,0.03081412320921173
Solyc01g104780.3,22.445680057585516,-3.1744750492607627,0.9971960023101978,-3.183401299149291,0.0014555572832737622,0.03081412320921173
Solyc07g041640.3,17.385678492498567,-4.07634808649772,1.2823561942985044,-3.17879548960079,0.0014788839439514054,0.03097879359178908
Solyc03g025220.3,30.749160399999493,2.2058080477004247,0.6939320478810888,3.1787090024676434,0.0014793252447215586,0.03097879359178908
Solyc05g051250.3,6.678366481752222,3.582896373032767,1.1271170750073098,3.1788147411479244,0.0014787857294011645,0.03097879359178908
Solyc03g121760.3,66.21320169628389,-3.6240796631527923,1.1400637931729996,-3.1788393639502717,0.0014786601213755937,0.03097879359178908
Solyc09g065430.4,45.22654981284726,3.4693699210887683,1.0916345587767156,3.178142257585304,0.001482220065743296,0.030986374212978587
Solyc12g008650.2,229.58384832153956,-2.7062428757260046,0.8536827634549887,-3.170080258822859,0.0015239683716793456,0.031508395618500676
Solyc09g090680.3,153.38130808755434,-3.1752228979462758,1.0021344853274805,-3.168459866849774,0.0015324890557609273,0.03156871422360901
Solyc12g007080.2,14.999232216546355,-7.462969491742085,2.3553503745956115,-3.1685177594961416,0.001532183878247429,0.03156871422360901
Solyc06g150133.1,734.6385519627477,-7.9411563476745615,2.5073407222144217,-3.167162834040811,0.001539340979048008,0.031599972460266544
Solyc08g079900.3,453.49468598524334,-3.899282036394304,1.23103008357731,-3.1674953264043646,0.0015375818148111841,0.031599972460266544
Solyc07g018390.3,20.11061379821347,2.169179146322689,0.6856981187020347,3.1634608396312234,0.0015590532487309778,0.03185387489882259
Solyc04g005560.3,119.65681924925903,-2.066339400436574,0.6537028487912119,-3.1609765878449587,0.001572411365075102,0.03203965870102396
Solyc03g025960.1,33.563732093569534,2.6670101945632374,0.8446850145700805,3.1574020475794353,0.0015918170625200921,0.0322310775570106
Solyc09g006005.1,128.86569367439665,-2.4295509215990703,0.7694046034643726,-3.1577026062225415,0.001590176919870908,0.0322310775570106
Solyc04g080500.3,20.49528083401118,-4.58652513626771,1.4539487162799247,-3.154530201039552,0.0016075673896170926,0.03241890610523289
Solyc04g074340.3,7.113131661748488,-5.569763804536026,1.7662314490671867,-3.153473349983451,0.001613399591017743,0.032492916160121406
Solyc09g092760.2,71.02983962563175,-3.8877306147483695,1.2332719089454676,-3.1523710112497794,0.0016195035604420283,0.03255765587700406
Solyc01g060410.4,114.56915161691495,-2.737456111781883,0.8687805350507883,-3.1509178685982566,0.0016275825105862146,0.03266179827121187
Solyc07g016215.1,97.3440219460836,-6.726357329583335,2.1379623850847445,-3.1461532609315372,0.0016543329113028337,0.0330807865919438
Solyc05g008640.1,17.387807807458966,-6.043214455470262,1.9211634908307418,-3.1456013422663367,0.0016574576087190318,0.03311388711887597
Solyc00g500042.1,20.907035935639616,-8.320418696180273,2.645856148478187,-3.144698059630307,0.0016625832781138527,0.03312818457610414
Solyc07g005370.4,1521.9409827722625,-2.0594602248364433,0.6554893634540061,-3.1418667329465366,0.0016787442658858683,0.03336171144268424
Solyc03g114240.4,102.56778026053682,-2.4087685536050727,0.7672886967294553,-3.1393249553556246,0.001693375504284432,0.03359323095471299
Solyc04g007823.1,13.09822219593644,-7.054871557295807,2.2486023462629827,-3.1374473877164197,0.0017042585754252595,0.033720080119213035
Solyc11g005230.1,11.45728067043467,3.679913978680733,1.1734909552322847,3.1358690599812236,0.001713456872149402,0.0338664828178327
Solyc07g061890.1,15.095503797030204,-3.2579700142922925,1.0395753778957229,-3.133943034402159,0.0017247433563641044,0.03403574104993123
Solyc03g111760.3,33.547568256672584,-5.55561044833086,1.7730402385578772,-3.13338091686491,0.001728050222796236,0.034056688989899046
Solyc07g049370.2,288.5516380118435,-2.0561290720435843,0.6566686393126215,-3.131151617345196,0.0017412224048576526,0.0341813485329896
Solyc07g042510.3,44.05482914562122,-7.251847937397669,2.321044040923996,-3.1243904939049525,0.001781738278234421,0.03482502501152724
Solyc10g076670.3,80.64672041580631,-6.499222048628631,2.0814797029968584,-3.122404719715127,0.0017938015798299313,0.03487930319503652
Solyc01g074000.3,820.75252322146,-2.381411359691793,0.7629570869963749,-3.1212913547562446,0.001800597916339152,0.03489103580620733
Solyc02g094160.1,457.5163958285754,-2.179646893676525,0.6985603385705242,-3.1201984615055203,0.001807292297277221,0.034990669425635265
Solyc09g059630.3,37.90422440041858,-2.9290212451315085,0.9388802318147668,-3.1196963636884627,0.0018103754964976116,0.03501405206521053
Solyc02g071350.3,42.966311573163765,-2.080320503725719,0.6678731737791077,-3.1148436340905703,0.001840424446154856,0.03532420436861055
Solyc03g025790.4,19.053298596738987,-7.295870953941382,2.345430856985,-3.110674071765246,0.0018666084178135599,0.03561887155279118
Solyc02g065090.4,120.9663652899425,-3.7207329505319113,1.1963967864349947,-3.1099489673646614,0.0018711966995668774,0.03564605986596716
Solyc09g009760.1,64.33135208165275,4.621653337351853,1.488056475931432,3.1058319439515776,0.0018974452017889497,0.036086776878721964
Solyc07g042760.1,29.051466326086196,-2.4969400748454382,0.8057643938813672,-3.098846379668972,0.001942757256203544,0.03666832288593222
Solyc01g150149.1,9.15822306975094,2.7184881656256525,0.8783012144364574,3.095166124038563,0.001967026919039143,0.0370333489118347
Solyc06g067870.3,80.74441932355384,-7.889799141621657,2.549320197653408,-3.094863936230545,0.001969032027925234,0.03704015507622961
Solyc06g072520.2,11.328713261883737,-7.09921541993721,2.297866429865581,-3.0894813239220764,0.0020050631220052567,0.037529985479659855
Solyc05g054610.1,263.2421649605511,-2.9543190890704625,0.9571211107553655,-3.0866721628769596,0.002024106960770396,0.03779227379280997
Solyc10g048190.1,16.860299978017334,-6.87974261171097,2.231169651717804,-3.083469070321109,0.0020460237720282257,0.03807530282942039
Solyc09g098490.4,58.1053731893057,-2.275260674698389,0.7388711874151844,-3.07937393344299,0.0020743614067116117,0.03847569258845814
Solyc10g084840.2,172.07492079530203,-2.7910237754534615,0.9073842159873189,-3.075900733424778,0.002098677022546783,0.03868453348651809
Solyc01g104200.4,16.47453032387003,-3.4269031724692236,1.1147274423998086,-3.0742072385799664,0.00211062761407655,0.03882797873703405
Solyc06g083850.4,45.76349746072923,-2.067028197023081,0.6726010084679123,-3.0731862887501045,0.0021178623350670295,0.038853148608254874
Solyc01g009340.4,50.0009026393904,-3.0373116962730093,0.9886835668668111,-3.072076646219989,0.0021257513415858294,0.038853148608254874
Solyc02g071300.1,12.490241176083135,-5.782550976005487,1.8820609906376997,-3.0724567401219987,0.002123046033734938,0.038853148608254874
Solyc02g070020.1,231.97884479756536,-2.5451479219385185,0.8282738512656762,-3.0728338436005265,0.002120365130458423,0.038853148608254874
Solyc01g096450.4,1880.1717786980425,-2.337046721843316,0.7609721851323107,-3.0711329106424206,0.0021324820272574795,0.03894458263069251
Solyc09g074350.1,87.46703850456996,-2.226136057053123,0.7257258565092287,-3.0674614072053723,0.002158853355407196,0.03936239418888072
Solyc02g065020.2,7.4259139947680755,-6.565461293143309,2.1414571971164014,-3.0658849039729072,0.002170268397020629,0.03953853564693363
Solyc03g115960.3,23.160487934930295,-5.869529440427413,1.915083777027482,-3.064894346051987,0.0021774690416577476,0.03963767554345638
Solyc03g006490.3,1226.171758209537,-3.0721697590575854,1.0036431820792802,-3.0610179134509456,0.002205858967143344,0.04003502749077131
Solyc12g036310.1,11.04267123878345,-4.198630265220483,1.374865116970924,-3.0538488564396946,0.0022592587392693203,0.04089530517925574
Solyc06g060010.4,22.828899959143747,-6.3171380023607275,2.0702096208306915,-3.051448480770713,0.0022774012751579143,0.04109168545793335
Solyc10g049780.1,5.7966927076411805,-6.469566098580738,2.1211965903378274,-3.0499606345069497,0.002288713626379333,0.041182234020027554
Solyc01g109010.3,42.48978677595444,-3.1426755536260584,1.0304437470260512,-3.049827380384508,0.002289729287677251,0.041182234020027554
Solyc02g063030.4,997.7436450245101,-2.125142694538553,0.696668878793904,-3.0504343730951065,0.0022851061372919125,0.041182234020027554
Solyc07g063060.2,4.558745293581722,3.7994485542352217,1.2460208554038505,3.0492656184344313,0.0022940155710648976,0.04121710384213017
Solyc02g090540.4,50.6415799867023,-2.2102904804274783,0.7249594109506329,-3.048847214120779,0.0022972127998042,0.04121710384213017
Solyc08g062940.4,114.13421885284741,-2.441816308656127,0.8011273881246641,-3.0479750721943284,0.002303890381040953,0.041272236587550803
Solyc05g009580.3,14.734300108581895,-6.624010962868647,2.175886954605141,-3.0442808386020723,0.002332372998545356,0.04168307525393984
Solyc01g106820.3,1046.6016686810171,2.0252892370351767,0.6655422796735597,3.043066231687874,0.002341807851910223,0.04181852753617178
Solyc02g091820.3,45.36712383453264,4.751108299878706,1.5623548477422897,3.0409918122918014,0.002358002428801022,0.04200785986992872
Solyc07g150103.1,341.570833885237,-6.3791127658528906,2.099646608528572,-3.0381840162727953,0.0023800856727627996,0.042154784109738073
Solyc04g071590.3,55.31164523890835,-5.786651270763618,1.9053041982429713,-3.037127234643128,0.002388446158691388,0.04221393272071266
Solyc04g078370.3,15.083540742441064,-6.577866728244026,2.16597414731595,-3.036909159970927,0.002390174749362325,0.04221393272071266
Solyc07g065110.1,126.02363558437159,-2.3998134101896498,0.7904612737535107,-3.0359658213161027,0.0023976654173535113,0.042313068007422655
Solyc03g006800.1,25.989771008263688,-3.5318821328064303,1.1635628454588436,-3.03540298368126,0.0024021449111748445,0.04235894970128035
Solyc09g097980.4,112.17401630005747,-2.2410645282655506,0.7399339985048667,-3.0287357153393604,0.0024557941383490348,0.042968770731237456
Solyc00g500295.1,19.95923670620764,-6.2035467044372705,2.049098576290481,-3.0274515712502517,0.0024662522859491116,0.04311827891089928
Solyc03g083710.1,15.769687792416759,-3.44860092191264,1.1396793512954342,-3.025939636436103,0.0024786178031631595,0.04314889478890033
Solyc07g053950.1,254.69102537404183,-2.507615615415044,0.8310446495632942,-3.0174258588064693,0.002549313939107398,0.04402401450706844
Solyc09g005745.1,15.528782345108542,-2.9409246304531265,0.9750471977144752,-3.016186946997742,0.0025597538644241374,0.04404232029329671
Solyc11g072980.1,48.88387098937775,-3.5624763003788082,1.1813847826672028,-3.015508877925306,0.002565484283392214,0.044082675958442404
Solyc09g091670.3,202.2140375658723,-3.0676565253044603,1.0174856888976325,-3.0149382529674993,0.0025703157707398527,0.044082675958442404
Solyc01g009040.4,178.27342229619325,-2.3758922934038287,0.7881428068007644,-3.0145454261621314,0.002573646673397675,0.04410623683018251
Solyc03g114800.1,88.33123031432345,-2.714609847639308,0.9012682751857933,-3.0119886856992726,0.002595422710339974,0.044367826842320546
Solyc06g072290.3,49.5637240365902,-6.996503979750181,2.3248099355885676,-3.0094950441524544,0.002616823478953824,0.044581934852962114
Solyc02g071020.3,491.1693814231536,-2.4173492801415155,0.8033146948241162,-3.0092182997732766,0.0026192084551527263,0.044581934852962114
Solyc02g085590.4,59.70853908491204,2.498733917419002,0.8303034456272443,3.009422555787853,0.00261744798989822,0.044581934852962114
Solyc03g034240.4,15.237744416049436,-3.300328424338809,1.098244993157899,-3.005093075679798,0.0026549959064016636,0.04495340927623433
Solyc06g062880.2,36.68557414772089,-2.4720100564247565,0.8234408764311,-3.0020492389675506,0.0026816879617981935,0.04520158556999558
Solyc08g075360.3,498.68275373656587,-2.6632040458942603,0.8875735100721606,-3.0005447612758736,0.0026949714082098873,0.045223435810028016
Solyc01g100890.4,18.77776667902206,-3.4533951567096124,1.150771288742616,-3.0009396224013773,0.0026914792638737515,0.045223435810028016
Solyc03g118480.4,82.98250014432767,-2.523035361464666,0.8409193768412545,-3.000329676005259,0.002696875359719275,0.045223435810028016
Solyc05g012630.2,20.35542008192121,-5.328785103820353,1.7760769512890169,-3.00031206415516,0.0026970313156140244,0.045223435810028016
Solyc07g019437.1,7.839871525678569,-6.632821194653273,2.211741392779502,-2.9989135331584973,0.002709441885315549,0.04537527895828753
Solyc04g078270.3,31.080535074618073,-5.156264245321924,1.7198390443742704,-2.9981086091680917,0.0027166084211614747,0.045416533664165426
Solyc08g083210.3,42.587245519721705,-3.2066826240856217,1.0695220494321824,-2.9982389103507257,0.002715447127897909,0.045416533664165426
Solyc03g078830.1,76.91386908763475,-2.4928082232148743,0.8317482149521799,-2.9970707221273623,0.002725874676450948,0.04549754816299347
Solyc03g117070.1,21.38622622462483,-2.983644898092144,0.9956776204764681,-2.9965973290274026,0.0027301107117250587,0.04550723002916858
Solyc04g007825.2,329.95496548256705,-2.9492449643598624,0.9844396131412687,-2.995861731883234,0.0027367049464320117,0.045549765637217
Solyc02g022880.1,42.572511562183045,-9.194895794007142,3.070777831900173,-2.9943214056346803,0.0027505603070415497,0.045717659004014324
Solyc02g080960.3,30.90029735576346,-3.243356183402455,1.083281112204588,-2.99401156990718,0.0027533550340954564,0.045717659004014324
Solyc03g046380.1,164.4437178398973,2.073018469450666,0.6930949269552343,2.990958942027516,0.0027810288261741456,0.04601561352911935
Solyc01g094380.2,9.326552900454738,-6.1046912839487115,2.045431447931758,-2.98454944071652,0.0028399630168996527,0.046682280487856
Solyc10g055260.2,22.314217293988037,-7.101194701690808,2.381225242811315,-2.9821600132656987,0.0028622235850556876,0.046889174222379405
Solyc05g055410.3,13.169162792631866,-7.5302372495940055,2.525349351832434,-2.9818596164249294,0.0028650334089552914,0.046889174222379405
Solyc02g079700.1,16.393220390558632,2.6349279262022627,0.8840223360905528,2.980612387979708,0.002876726571030559,0.04704637881331254
Solyc06g008990.1,9.80889087154813,-7.259392240078003,2.4370613262973357,-2.9787482825092906,0.002894284381895403,0.04722809725253597
Solyc07g007190.3,134.6117955755938,-2.6837112860729615,0.9009088581505269,-2.978893216326393,0.002892915766826249,0.04722809725253597
Solyc08g082070.3,293.3501514844416,-2.532296938653342,0.8504325692067262,-2.9776575243530945,0.0029046034252757746,0.04722809725253597
Solyc05g014730.1,13.075096449643494,-4.168683840858597,1.40137701922059,-2.974705438781286,0.002932700081341244,0.047554602201371025
Solyc08g079120.3,9.558027486606207,-6.661975842555389,2.2395747882109163,-2.9746610283451647,0.0029331246476706476,0.047554602201371025
Solyc07g045010.3,108.75524333841877,-2.0839393131077,0.7009072643392961,-2.9732026177130675,0.0029470983423698035,0.04767825430268908
Solyc03g116973.1,5.005778729723283,4.851370215391342,1.6321392290740564,2.972399737088371,0.002954817007812181,0.047707290092676796
Solyc07g006090.3,36.567828064896254,-3.848967966849165,1.2956919318895286,-2.9705888198563932,0.0029722944205688197,0.04788652772540508
Solyc08g041850.4,6.025374288335934,-6.589941893873389,2.218924789412592,-2.969880694161753,0.002979154254050643,0.04792091420008027
Solyc02g071500.2,107.85541611492756,-2.1826779417129605,0.7351816314557525,-2.968896186090752,0.0029887154919398533,0.048006908286782994
Solyc04g016420.3,72.51992346849059,2.432562646116077,0.8199294912908156,2.9667949158487907,0.003009216084571687,0.04814155802154678
Solyc01g109690.1,87.15466311623761,-2.748508967040902,0.926746018547967,-2.9657629081021444,0.003019331546670428,0.04822371065610544
Solyc12g011200.3,18.56604789538975,-6.628742082977375,2.235023972399021,-2.965848315202742,0.0030184932335287048,0.04822371065610544
Solyc08g076820.3,781.8914552176417,-2.012632984648396,0.6788493880530229,-2.964771008221334,0.003029083104755335,0.04827681531030144
Solyc11g027820.1,12.808246481562666,-5.884952038226369,1.9852517300272752,-2.9643354287093437,0.0030333744410383687,0.04827692542601743
Solyc03g006590.3,30.798479593443435,-2.5152569427650944,0.848844241429721,-2.963154863993198,0.003045033280321915,0.048428278055987775
Solyc07g054690.1,66.11061783317243,-4.284963245487421,1.4467435131799546,-2.961798830581265,0.0030584754104749394,0.048522721069748455
Solyc09g057900.3,9.452167946244401,-5.699857446995426,1.9253611885515096,-2.960409444673366,0.003072304268235803,0.04866884703752015
Solyc05g050220.3,169.24148508962395,2.207786872630057,0.7463995548735649,2.95791558048831,0.0030972693454678624,0.048760677251698165
Solyc01g005800.3,269.65152452629025,-2.6574811847062714,0.8987255134714585,-2.9569441891566672,0.0031070435096484986,0.048760677251698165
Solyc01g095690.2,158.397829485672,-2.2027273863322137,0.7446834440635068,-2.957937904880244,0.003097045046798671,0.048760677251698165
Solyc06g069270.1,11.19185825258296,-5.923689527505612,2.002398297642763,-2.958297325002234,0.003093435902392436,0.048760677251698165
Solyc07g061730.3,21.4432538151254,-6.184514711753259,2.091054717611863,-2.95760539390209,0.0031003873996137262,0.048760677251698165
Solyc02g084850.3,4910.78143798677,4.368947997954111,1.4765647186728454,2.9588598066199054,0.003087795397178851,0.048760677251698165
Solyc04g082270.3,216.96373517461535,-2.175348823513311,0.7363790711680358,-2.9541154938893066,0.0031356663139188554,0.049039122866395085
Solyc08g078880.3,13.4785538995462,-6.058679788869104,2.0524276327729254,-2.9519578143096554,0.003157660673972908,0.04928049927192067
Solyc01g094915.1,25.339672230687615,2.1121292594681846,0.715559007891107,2.9517191960073905,0.003160101651534344,0.049284464234586836
Solyc02g083890.4,221.39520607440957,-2.456587346008323,0.8331243960423523,-2.948644113265699,0.003191712895299883,0.04960582193688149
Solyc01g080480.4,32.483970610442896,-2.1876242143061284,0.7420194961846489,-2.9482031476997013,0.003196269485351333,0.04960821564867606
Solyc03g110980.4,34.36177887939141,-3.1128156468260126,1.057053861505933,-2.944803250036224,0.003231600896691733,0.04984760972473983
